300,8.5
1917,9.5
10 Cloverfield Lane ,8
10 Things I Hate About You,8
101 Dalmatians (remake),5.5
101 Dalmations,8.5
17 Again,6.5
2 Guns,7
2001: A Space Odyssey,6
2018 life itself,6
2019 escape room,7
21 bridges,7.5
21 jump street,7.5
22nd Jump Street,6.5
28 Days Later,6.5
3 Days Of Condor,6.5
30 Minutes Or Less,5
47 ronin,4.5
50 First Dates,8
500 days of summer,8
6 below,4
8 Mile,7.5
A beautiful day in the neighbourhood,8.5
A beautiful mind,8.5
A bugs life,8
A Christmas Carol (1984),6.5
A Christmas Carol (2019),4
A christmas carol 1971,7.5
A Christmas Prince,7
A christmas story,6
A Cinderella Story,7
A close Shave,8
A Few Good Men,8
A fish called wanda,8.9
A fistfull of dollars,7.5
A Goofy Movie,4
A grand day out,8.5
A matter of loaf and death,8
A quiet place part 2,9
A Shaun the Sheep movie: Farmageddon,7
A Shot In The Dark,7
A Star Is Born (remake),8
A Time To Kill,9
A train arrives at the station (1895),5
A Walk Among The Tombstones,6.5
Abominable ,7
About A Boy,7.5
Accordion Player (1888),5
Ace ventura pet detective ,7.5
Ace Ventura when nature calls,7
Ad Astra,3.5
After Earth,6
Air Bud,7
Air force one,8
Airplane,7
Aladdin,9.5
Aladdin (remake),7.5
Aladdin 2,4
Aladdin 3,6.5
Alexander and the terrible horrible no good very bad day,7
Alfie,3
Ali,8.5
Ali G indahouse,7.5
Alice In Wonderland ,8.5
Alice in Wonderland (1903),5
Alice in wonderland 2010,5.5
Alice through the looking glass 2016,3.5
Alien,9
Alien 3,4
Alien covenant ,5.5
Alien Resurrection,2.5
Alien Vs Predator,4
Alien Vs Predator - Requiem,2.5
Aliens,4.5
All about Steve,5.5
Almost Famous,7.5
Alone in the wilderness,9.3
Along Came Polly,8.5
Alvin And The Chipmunks,6
Alvin And The Chipmunks 2,4
Am√®lie,4
American Gangster,8
American graffiti,7
American History X,8.5
American hustle,8.5
American Made,7.5
American Pie,9
American Pie 2,8
American Pie 3,8
American Pie Reunion,8.5
American Psycho,8
American Psycho 2,3.5
Ammonite,7
An Officer And A Gentleman,9.5
Analyze this,7.5
Anastasia,6
Anchorman,7
Angel Has Fallen,7.5
Angels And Demons,7
Anger Management ,6
Animal Farm (1954),4.5
Annie,8
Annie Hall,6
Annihilation ,5.5
Antz,6
Apocalypse Now ,7
Apollo 10 and a half ,8.2
Apollo 11,8
Apollo13,9.5
Aquaman,8.5
Argo,7
Army of the dead,6
Around The World In 80 Days 2004,7
Arrival,7
Artemis Fowl,3.5
Arthur Christmas,7.5
As Good As It Gets,9
Atlantis: The lost empire,6
Atomic Blonde,8
Austin Powers In Goldmember,6.5
Austin powers International man of mystery ,8.5
Austin Powers The Spy Who Shagged Me,8.5
Avatar,8.6
Avengers Age Of Ultron,7
Avengers Assemble,8
Avengers Endgame,8
Avengers Infinity War,9.5
Babe,7.5
Baby boom,6.5
Baby driver,8.5
Babys Day Out,8.5
Back To The Future,9.5
Back To The Future 2,9.5
Back To The Future 3,8
Bad Boys,9
bad boys 2,8.5
Bad boys for life,8
Bad moms,8
Bad moms - A bad moms Christmas,8.4
Bad Neighbours ,7
Bad Neighbours 2,5
Bad Santa,8.5
Bad Teacher,6
Bad times at the El Royale,8
Bad trip,8.5
Bah humduck a looney Christmas ,6
Bambi,8.5
Band Camp,8
Barely Lethal,7
Barnyard,9
Basic,4
Basic Instinct ,8.5
Batman,8
Batman (1966),7.5
Batman And Robin,5
Batman Begins,9.5
Batman Forever,6.5
Batman Returns,8.5
Batman V Superman ,6
Battle For The Planet Of The Apes,3.5
Baywatch,8
Be kind rewind ,8
Beauty And The Beast,9.5
Beauty And The Beast (remake),8
Bedknobs And Broomsticks,8.5
Bedtime stories,3.5
Beethoven,7
Before I got to sleep,6.5
Before The Flood,9
Being the Ricardos ,6
Bend It Like Beckham ,8.5
Beneath The Planet Of The Apes,4
Beta House,8
Between two ferns the movie,7.5
Beverley Hills Chihuahuas,6
Beverly Hills Cop,9.5
Beverly Hills Cop 2,8.5
Beverly Hills Cop 3,7.5
bicycle thieves,7.5
Big ,7
Big Daddy,8
Big Hero 6,8.5
Big Momma 2,8
Big Momma 3 Like Father Like Son,9
Big Mommas House,8.5
Big Stan,7.5
Big Trouble In Little China ,7
Bill and teds excellent adventure,8.5
bird box,9
Birdman,9
Black and Blue,9
Black Beauty,8
Black hawk down,7
black mirror bandersnatch,7
Black Panther,8.5
Black Swan,8
Black Widow,9
Blade,3.5
Blade Runner (1982),7.5
Blade Runner 2049,8.5
Blazing Saddles,7
Blended,8
Blockers,7.5
Blood Diamond,7.5
Blue Streak,8.5
Bohemian Rapsady,8.5
Bolt,9.5
Bombshell,8
Book Of Love,8
Boomerang,7
Borat,8.5
Borat 2,8.5
Born Strong,8
Bottle rocket,7
Boyz n the hood,8
Bram Stokers Dracula,7
Brave,8.5
Bride Wars,7.5
Bridesmaids ,7.5
Bridge of Spies,6.5
Bridge To Terabithia,6
Bridget Jones 2 Edge of reason,6.5
Bridget Jones 3 bridget Jones baby,7.5
Bridget Jones' Dairy,8.5
Bright,5
Bring It On,5
Bringing Down The House ,8
Brokeback Mountain,9
Brother Bear,9
Bruce Almighty,7.5
Bruno,9
Bugsy Malone,8
Bumble Bee,7
Butch Cassidy And The Sundance Kid,10
Calamity Jane,7
Calendar girls,6
Call of the Wild,9
Candyman,7
Cape fear,7
Captain America,7.5
Captain America Civil War,8.5
Captain America The Winter Soldier ,9
Captain fantastic,8.5
Captain Marvel,8
Captain Phillips ,9.5
Captain underpants the first epic movie,6
Carlito's Way,8.5
carol,5
Carrie,6
Cars,10
Cars 2,7
Cars 3,6.5
Casablanca,6
Casino Royale ,9.5
Casino Royale 1967,5.7
Casper,6
Cast Away,9.5
Castle in the Sky,7
Catch Me If You Can,9.5
Cats,2
Cats And Dogs,6
Central Intelligence ,7.8
Chalet Girl,8.5
Change Up,5
Chaos walking,5.5
Chariots Of Fire,7
Charles Dickens' A Christmas Carol (1997),7
Charlie And The Chocolate Factory,7
Charlie Wilsons War,7
Charlie's Angels,5
Charlottes Web,8
Cheaper By The Dozen,9
Cheaper By The Dozen 2,9
Chicken Little,7
Chicken Run,8.5
Child's Play,5
Chinatown,9
Chitty Chitty Bang Bang,8
Chocolat (2000),5.5
Christmas with the kranks,7
Christopher Robin,7
Cinderella,8
Cinderella 2015,8
cinderella 2021,1.5
Cinema paradiso ,9
Citizen Kane ,8
City of ember,6.5
City Of God,9
Cleopatra,6.5
Click,7
Close Encounters Of The Third Kind,6
Closer,5
Cloudy With A Chance Of Meatballs,7.5
Clue (1985),4
Coach carter,7.5
Coco,9
Coda,9
Cold pursuit,7.5
Collateral,9
Collateral Beauty,6.5
Coming 2 America ,7
Coming To America,9
Confessions of a shopaholic,8.5
Conor McGregor: Notorious,8
Conquest Of The Planet Of The Apes,3
Contagion ,7.5
Cool hand Luke ,8.5
Cool Runnings,8
Cop Out,5
Copshop,8
Coraline,4
corpse bride,6
Couples retreat,6.5
Cowboys And Aliens,5
Crank,5
Crank 2,5.5
Crash,6.5
Crazy Heart,8.5
Crazy Rich Asians,8
Creed,9
Creed 2,8.5
Crocodile Dundee ,8
Cruel Intentions,9
Cruel Intentions 2,8
Cruel Intentions 3,5
Cruella,7.5
Cujo,6
Curious George,8
Daddy Day Care,9
Daddys Home,6.5
Daddys Home 2,6
Dairy Of A Wimpy Kid,7
Dallas buyers club,9.5
Dances with wolves ,7.5
Dark Shadows,7
Dark Waters,8.5
Date Movie,3.5
Dawn Of The Planet Of The Apes ,8.5
Dead poets society ,9
Dear john,8
Death At A Funeral,7.5
Death on the nile,8.5
Death to 2020,5
Deathproof,3
Deck the halls,6
Deep impact ,6.5
Deep water,8
Deepwater Horizon,6.5
Definitely maybe,8
Demolition Man,7
Desperado,9
Despicable Me ,7.5
Despicable Me 2,6
Detective Pikachu,6
Diamonds are forever,7.2
Did you hear about the Morgan's?,6
Die Another Day,7.9
Die Hard,10
Die Hard 2,9.5
Die Hard 3,9
Die Hard 4,9
Die Hard 5,5
Dinner for schmucks ,6
Dinosaur,6
Dirty Dancing,8
Dirty Grandpa,7
Dirty Harry,9
Dirty Rotten Scoundrels,8.5
Disney's a Christmas carol,6.5
District 9,7
Divergent,7
Django 1966,9
Django Unchained,10
Do the right thing,9
Doctor Dolittle ,6
Doctor sleep,8
Doctor Strange ,7
Doctor Strange in the multiverse of madness,8.6
Doctor Zhivago,4.5
Dodgeball,5
Dolittle (2020),4
Don Jon,7
Don't look up,7
Don't worry he won't get far on foot,8
Donnie Darko,6.5
Doodlebug,5
Dora And The Lost City Of Gold,8
Downtown Abbey,5.5
Dr No,7.8
Dr Seuss' How The Grinch Stole Christmas ,8.1
dr. strangelove or: how i learned to stop worrying and love,8
Dracula,6.5
Dream horse,8.5
Drive,8.5
Drive my car,7.5
Driving miss daisy,7.4
Duck tales the movie treasure of the lost lamp,5
Dude Where's My Car?,6
Due Date,6
Dumb And Dumber,9
Dumb And Dumber To,8
Dumbo,7
Dumbo (remake),5
Dune 2021,8.5
Dunkirk,7
Dunston Checks In,6
Early Man,7
Easy A,7.5
Easy rider,4.5
Eddie the Eagle ,7.5
Eddie: Strongman,8.5
Edge of Tomorrow,9
Edward Scissor Hands,5
Eight below,6
Eighth grade,9
Elf,8.7
emma,7
Empire of the sun,8
Encanto ,9
Enchanted,6
Enola Holmes,8.9
Entrapment,4.5
Envy,5.5
Epic Movie,5
Eragon,4
Escape from Pretoria,6.5
Escape From The Planet Of The Apes,1
Escape Plan,9
Escape Plan 2,2
Eternal sunshine of the spotless mind,8.4
Eternals ,7.5
Evan Almighty,7
Ex Machina,9
Extraction,7
Eyes wide open,8
F9,8
Face/off,8.5
Falling Down,8.5
Falling inn love,6.5
Family Guy: It's A Trap!,6
Fanny and Alexander ,5
fantasia,8
Fantasia 2000,7.5
Fantastic 4,3
Fantastic beasts and where to find them,7.5
Fantastic beasts the crimes of Grindelwald ,7
Fantastic Four,6
Fantastic Four 2,5
Fantastic Mr Fox ,7.5
Fargo,9
Fast And Furious,8
Fast And Furious 2,7
Fast And Furious 3,7
Fast And Furious 4,7
Fast And Furious 5,9
Fast And Furious 6,8
Fast And Furious 7,7
Fast And Furious 8,7.5
Faster,7
Fatal Attraction,8
Father Of The Bride,9
Father Of The Bride 2,8
Fatherhood,7.5
Fight Club,10
Fighting with my family,8.5
Finch,7.5
Finding Dory ,8.5
Finding Nemo,9.5
Fire On The Amazon ,0
First Daughter,3
First Man,8
First men in the moon,5
Flash Gordon ,2
Flashdance,8
Flight of the navigator,7.5
Flubber,3.5
Flushed Away,7
Focus ,9
Footloose,9
For A few dollars More ,8
For your eyes only,7.8
Forces of nature,5.5
Forgetting Sarah Marshall ,8
Forrest Gump,10
Four christmases,6
Frankenstein (1931),5.9
Frankenstein the First (1910),5
Freaky,8
Freaky Friday,7
Fred Claus,6.2
Free guy,8.5
Free solo,9
Free Willy,8
Frida,7
Friday The 13th,8.6
Friday the 13th part 2,8.1
Friends With Benefits ,8
Friends With Kids,8
From Russia With Love,8.3
Frosty the snowman (1969),6
Frozen,8.5
Frozen 2,7.5
Fun and Fancy free,4.5
Fun With Dick And Jane,7
Fury,8.5
G-force,7
Gandhi,7.5
Gangs Of New York ,5
Gangster Squad,6.5
Garfield 2,7
Garfield The Movie,7
Gemini Man,7
George of the jungle,4
Get Hard,8
Get Out,8.4
Get smart,8
Ghost In The Shell,3
Ghost in the shell 1995,6.5
Ghost Rider,4
Ghostbusters,8.5
Ghostbusters 2,8.5
Ghostbusters 2016,6.5
Ghostbusters afterlife ,6.5
Ghosts Of A Girlfriend's Past,7
Gi Joe 1,7
Gi Joe 2,7
gi Joe origins: snake eyes,8
Gladiator,9
Glass,5.5
Godfather 2,7.5
Godfather 3,5
godzilla,7
Godzilla 1998,5
Godzilla 2,6
Godzilla vs Kong ,7
Going In Style,7.5
Gold,6.5
Goldeneye,8.6
Goldfinger,9.1
Gone Girl,9
Gone with the wind,8
Good Morning Vietnam ,8
Good time,8.5
Goodbye Christopher Robin ,7
Goodfellas,9.5
Goosebumps,8.5
Grave of the fireflies,9
Gravity,7.5
Green Book,9.5
Green Lantern ,3
Gregory's girl,8
Gremlins,8.9
Gremlins 2,8.2
Greyhound,7.3
Grind house planet terror,3.5
Groundhog Day,8.5
Grown Ups,7.5
Grown Ups 2,7
Guardians Of The Galaxy ,9
Guardians Of The Galaxy 2,9
Gullivers Travels,6
Hacksaw Ridge,10
Hall Pass,5.5
Halloween,7
Hancock ,7
Hang 'em high,6.5
Hannah Montana the movie,7.5
Happiest season,7.5
Happy Feet,8
Happy Feet 2,6
Happy Gilmore,9
Harley Quinn: Birds of Prey,8.5
Harriet (2020),7.5
Harry Potter And The Chamber Of Sectrets,8.5
Harry Potter And The Deathly Hallows part 1,8.5
Harry potter and the deathly Hallows part 2,9.5
Harry Potter And The Goblet Of Fire,9.5
Harry Potter And The Half-blood Prince,9.5
Harry Potter And The Order Of The Pheonix,8.5
Harry Potter And The Philosopher's Stone,9
Harry Potter And The Prisoner Of Azkaban,9
He's Just Not That Into You,8.5
Heartbreakers,8.5
Heat,9
Hellboy ,7.5
Hellboy 2: The Golden Army,7
Hellboy 2019,4
"Hello, Dolly!",8
Hellraiser,4
Help,8.5
Hercules,9
Hereditary,7.5
High fidelity ,8
High School Musical ,10
High School Musical 2,9
High School Musical 3,8
Hitch,8
Hitchhiker's Guide To The Galaxy ,6
Hobbs & Shaw,7.5
Hocus Pocus,6.5
Holes,6
Holiday affair ,4.5
Home,6
Home Alone,9.2
Home Alone 2: Lost In New York,9
Home alone 3,6
Home alone 4,1.5
Home alone 5 holiday heist,2.5
Home on the range,4
Home alone 6 home sweet home alone,4.5
Homeward Bound 2: Lost In San Francisco ,8
Homeward Bound: The Incredible Journey,8
Honest thief ,8
Honey I shrunk the kids,7
Hoodwinked ,9
Hook,5.5
Hop,5
Horton Hears A Who!,5
Hot Fuzz,9.5
Hot Tub Time Machine,5
Hotel Transylvania ,7
How do you know ,4.5
How the Grinch stole Christmas (1966),8.4
How To Lose A Guy In 10 Days,9
How To Train Your Dragon ,9
How To Train Your Dragon 2,8
How To Train Your Dragon 3,8
Howl's moving castle,6
Hubie Halloween,8
Hud,6
Hugo,8
Hulk,4
Hustlers,7
Hypernormalisation,7
I Am Legend,8.5
I care a lot,8
I feel pretty,8.5
I Love You Man,8
I Now Pronounce You Chuck And Larry,8.5
I Robot,6.5
I want you back,8
Ice Age,10
Ice Age 2,7.5
Ice Age 3,8.5
Ice Age 4,7
Ice Age 5,6
Identity Thief ,6.5
Impractical jokers the movie,8.5
in the heights,9
In Time,7.5
Inception,8
Indecent Proposal,8.5
Indiana Jones: Raiders Of The Lost Ark,10
Indiana Jones: Temple Of Doom,9
Indiana Jones: The Kingdom Of The Crystal Skull,6.5
Indiana Jones: The Last Cruciade,9.5
Inferno,8
Inglorious Bastards,7.5
Innerspace,7
Inside out,8
Inside The White Slave Traffic (1913),4.5
Insidious ,3.5
Inspector Gadget ,3.5
Instant family,8.5
Interstellar,7
Iron Man,9
Isle of dogs,5.5
isn't it romantic ,6
It,9
It: Chapter Two,7.5
It's A Boy Girl Thing,8
It's A Wonderful Life,9.5
Jack And Gill ,2.5
Jack Frost ,6.1
Jack Reacher ,8.5
Jack Reacher 2,8
Jackie Brown,8
Jason And The Argonauts ,6
Jason Bourne,7.5
Jaws,9
Jennifer's body ,7
Jerry Maguire ,7
JFK,6
John Wick,10
John Wick Ii,10
John Wick Iii,9.5
Johnny English,7.5
Johnny English 2 reborn,8
Johnny English 3,9
Jojo Rabbit,9
Joker,9
Journey 2,8
Journey To The Centre Of The Earth ,8
Joy,6
Judas and the black messiah,8
"Juliet, Naked",6.5
Jumanji,7.5
Jumanji: The Next Level,8.8
Jumanji: Welcome To The Jungle,8.8
Jungle,7.5
Jungle cruise,8.5
Jurassic Park,10
Jurassic Park 2,8
Jurassic Park 3,7
Jurassic World,7.6
Jurassic World fallen Kingdom ,7.2
Just Friends,8
Just Go With It,9
Just Mercy ,9.5
Just My Luck,5
Justice League,5.5
Kangeroo Jack,5
kate,7.5
Keeping up with the joneses,7.5
Kick Ass,9
Kick Ass 2,8.5
Kiki's delivery service,8.5
Kill Bill,9
Kill Bill 2,9.5
Killers,9
King Kong (1933),7.5
King Kong 2005,8.5
King Of Thieves,7
King Richard ,9.5
Kingsman I: The Secret Service,9.5
Kingsman Ii: The Golden Circle,8.5
Klaus,8.5
Knight And Day,5
Knives Out,10
Knocked Up,7.5
Kong Skull Island ,7.5
Krampus,6
Kronks new groove ,6.5
Kung Fu Panda,10
Kung Fu Panda 2,10
Kung Fu Panda 3,10
L.A. Confidential,8
Labyrinth,7
Lady And The Tramp,9.5
Lady and the tramp 2019,8
Laid In America,5.5
Lala Land,7
Lassie,8.5
Last Christmas,7
Last holiday ,9.1
Last night in Soho,8.5
Lawerence Of Arabia,8
Le mans '66,8.5
le voyage dans la lune (1902),5
Leap Year,9
Legend,6
Legends of the fall,7
lego batman movie,8
leon the professional,8
Lethal Weapon ,9
Lethal Weapon 2,8.5
Lethal Weapon 3,8.5
Lethal Weapon 4,8
Liar liar,8
Licorice pizza,8.5
Life,7
Life as we know it,7.5
Life Is Beautiful ,9
Life of pi,8
Life On Our Planet,10
Lilo and stitch,8.5
Limitless,6
Little Fockers,6
Little monsters 2019,8.5
Little Shop Of Horrors,8.8
Little Women (1994),9
Little women (2019),9.5
Live and let die,8.5
Local hero,8
Lock stock and two smoking barrels ,8
Logan ,9
lol,3.5
London Has Fallen,7
London's Trafalgar square (1890),5
Lone survivor,8
Looper,8
Lord Of The Rings: Fellowship Of The Ring,9.8
Lord Of The Rings: Return Of The King,10
Lord Of The Rings: The Two Towers,9.9
Love Actually ,9.1
Love and monsters,8
Love And Other Drugs,8.5
Love hard,6.5
Love the coopers,5.5
"Love, Rosie",8.5
Luca,8
Lucy,7.5
MAD MAX,3
Mad Max Fury Road,7.5
Madagascar ,8
Madagascar 2,8
Madagascar 3,6
Made in Italy,7.5
Made Of Honour,8.5
Madly Madagascar,6.5
Magic mike,4
Magnolia,8.5
Magnum force,8.5
Make mine music,3.5
Maleficant ,7
Maleficant 2,6.5
Mama Mia ,8.5
Mama Mia Here We Go Again!,8.5
Man Of Steel,7.5
Man up,6
Manchester by the sea,8.5
Marathon Man,7
March Of the penguins,6
Mardi Gras Spring Break,4.5
Marley And Me,8
Marriage story,9.5
Mary poppins,9
Mary poppins returns,7.5
Matilda,7
Me myself and Irene,8
Mean Girls,8
Mean Girls 2,7
Mean streets,6.5
Meet me in st.louis ,7
Meet The Fockers,9
Meet The Parents ,7.7
Meet The Robinsons ,7.5
Megamind,7.5
Melody time,3
Memento,9.5
Memories of murder ,8.5
Men In Black,9
Men In Black 2,8
Men In Black 3,8
Men In Black International ,7
Message From The King,8
Mickeys Christmas Carol,9.5
Mickeys magical Christmas: Snowed in at the house of Mouse,6
Mickeys once upon a Christmas,6.5
Midnight in Paris,8.5
Midsommar,8.6
Midway,6
Mile 22,7
Millers crossing,8
Million Dollar Baby ,8.5
Minari,8.5
Minions,5.5
Minority report,6.5
Miracle on 34th street (1947),8.5
Miracle on 34th street (1994),7.9
Misery,8.5
Miss Congenitalty ,9
Miss Congenitalty 2: Armed And Fabulous ,6
Mission Impossible ,8
Mission Impossible 2,8.5
Mission Impossible 3,9
Mission Impossible 4,9.5
Mission Impossible 5,10
Mission Impossible 6,9
Mixed nuts ,3.5
Moana,9.5
Modern Times,4.5
Momentum,8
Moneyball,8
Monster In Law,8
Monsters Ball,7
Monsters Inc,10
Monsters University ,8.5
Monsters Vs Aliens,6
Monte Carlo,5.5
Monty python and the Holy grail,8.5
Monty Python: Life of Brian,8.5
Moonraker,7.5
Moonrise Kingdom,7
Moonstruck,8
Mortal kombat 2021,8.5
Mother's Day,7
Mouse Hunt,5.5
Mr And Mrs Smith,8
Mr Bean Holiday ,7.5
Mr Bean Movie,8.5
Mr Deeds,7.5
Mr peabody and sherman ,5.5
Mr. poppers penguins,5.5
Mrs Doubtfire,9
Mulan,9.5
Mulan 2020,8
muppets most wanted,5
Murder by numbers,4.5
Murder on the orient express ,8.5
Muriels Wedding,7
My Best Friend's Girl,4.5
My Best Friends Wedding,8
My Neighbor Totoro,9
My octopus teacher,8
My son,7.5
My Spy,5.5
Nacho Libre,8
Naked Gun,8
Naked Gun 2,7
Naked Gun 3,6
Nanny Mcphee,7.5
Napoleon Dynamite ,8.5
Narnia,7.5
National lampoon's vacation,6
National Lampoons Christmas Vacation,8.5
National Security ,8
National Treasure,6.5
Nativity!,7.1
Natural Born Killers,6
Nausicaa of the valley of the wind,7
Need For Speed,6
Never been kissed,8
Neverending Story,6
New Years Eve,7
Night At the Museum ,6
Night At the Museum 2,6
Night School,5
Nightcrawler,7
Nightmare alley ,8
Nightmare On Elm Street,7
No country for old men,8.7
No time to die,8.9
No way out,4
Nobody,10
Nomadland ,9
Non Stop,8
Norbit,7.5
North by Northwest ,7.5
Nosferatu,6.7
Not another teen movie ,7
nothing to declare,5
Notting Hill,8.5
Now you see Me,4
Now You See Me 2,3.5
Oblivion,3.5
office christmas party,6
Official Secrets,7.5
Old,8
Oliver and Company ,6
Oliver!,8
Olympus Has Fallen ,8
On her majesty's secret service,7.5
On the waterfront,7
Once Upon A Time In America,7
Once upon A Time In The West,7
One Day,5
One For The Money,5
One hour photo ,8
Onward,8.5
Open Season,9
Orange County,7
Our Brand Is Crisis,6.5
Our ladies,9
Over the hedge,7.5
Overboard,8
Pacific rim,6.5
Paddington ,8.5
Paddington 2,9
Pain And Gain,8.5
Palm springs,9.5
Pan,3.5
Pan's labyrinth ,7.5
Panda paws,10
Papillion 2017,8
Parasite,10
Parenthood,6
Patriots Day,8.5
Paul,5.5
paw patrol the movie,5
Peanut Butter Falcon,10
Pearl Harbour,9
Penguins of madagascar movie,6.5
People just do nothing big in Japan,8
Perfume the story of a murderer,7
Pet Sematary 2019,4.5
Pete's Dragon,7
Peter Pan,8.5
Petes dragon 2016,6.5
Phantom thread,8.5
Pig,8.5
Piglets big movie,5.5
Pineapple Express,7
Pinocchio ,8
Pirates Of The Caribbean ,9.5
Pirates Of The Caribbean 2,9
Pirates Of The Caribbean 2: Dead Man's Chest,9
Pirates Of The Caribbean 3,9
Pirates Of The Caribbean 4,9
Pirates Of The Caribbean 5,8
Pixels,5
Planes,6
Planes trains and automobiles ,8.5
Planet 51,6
Planet Of The Apes (1968),7
platoon ,8
Plutos Christmas tree,7.5
Kung fu panda holiday special,9.8
Pocahontas,7
Point Blank (2019),7.5
Point Break,8
Polar,9
Police Academy ,7
Poltergeist ,6
Ponyo,7.5
Poohs heffalump movie,5
Porco Rosso ,7
Practical Magic ,4
Predator,8.4
Predator 2,6
Predators,5
Pretty Woman,9.5
Prince Of Persia ,7.5
Princess Mononoke,7
Prisoners,9
Prom Night,5
Prometheus,7
Promising young woman,9
Ps I Love You,9
Psycho,8
Pulp Fuction,8.5
Pumping Iron,8
Puss In Boots,6
Quantum Of Solace ,8.4
Race To Witch Mountain ,4.5
Radio days,7
Raging bull,9
Rain Man,9
Ralph breaks the internet,8
Rambo,9.5
Rambo 2,9
Rambo 3,8
Rambo 4,6.5
Rambo 5,7
Rango,6
Rat Race,7
Ratatouille,9
Raya and the last dragon ,9
Ready Player One,7.5
Real Steel,6
Rear Window,8.5
Red notice,8
Red Sparrow ,8
Remember the titans,8
Reminiscence,6.5
Rent,4.5
Requiem For A Dream,6
Reservoir dogs,9
Resident Evil,1.5
Revenge of The Pink Panther,7
Ride Along,7.3
Ride Along 2,7.2
Rio,8
Rio 2,4
Rio bravo,6
Ripd,4
Rise of the guardians,5
Rise Of The Planet Of The Apes,9.5
Road house,6
Road To Perdition,7.5
Robin Hood,9
Robin Hood Prince of thieves,7
Robinson Crusoe The Wild Life,3
Robocop,4
Robocop (2014),5
Robots,7
Rocketman,9
Rocky,9
Rocky 2,8
Rocky 3,8.5
Rocky 4,8.5
Rocky 5,5
Rocky 6,7.5
Role Models,6.7
Roman Holiday,9
Romancing the stone,8
Romeo And Juliet ,8
Romy and Michelle's high school reunion,7.5
Ronaldo,6
Room,8
Roundhay Garden Scene (1888),5
Roxanne ,7.5
Rudolph the red nosed reindeer (1948),6.5
Rudolph the red nosed reindeer (1964),7.5
Rudolph the red nosed reindeer (1998),6
Run Fat Boy Run,7.1
Runaway bride,7.5
rush 2013,8.5
Rush hour,8
Rush hour 2,8
Rush hour 3,7
Rushmore,8
S.W.A.T,6.5
Sabrina,7
Safe Haven,8.5
Saludos Amigos,2
San Andreas,7.5
Santa claus is comin' to town,7.5
Santa claus: the movie,2
Savages,6
Save The Last Dance,7
Saving mr banks,7.5
Saving Private Ryan,10
Saving silverman ,8.5
Say Anything...,8.5
Scarface ,8.5
Scent Of A Woman,9.5
Schindlers List ,9
School Of Rock,10
Scoob!,5.9
Scooby Doo 2,6.4
Aloha scooby doo!,8.7
Scooby Doo And The Cyber Chase,9.1
Scooby Doo and the loch Ness monster,7.5
Scooby doo Camp scare,8.6
Scooby doo meets the boo brothers,5.9
Scooby doo on zombie island,8.2
Scooby Doo The Movie,7.8
Scott Pilgrim Vs The World,7
Scream,9
Scrooge - A Christmas Carol (1951),6
Scrooge (1935),5.5
Scrooge (1970),7.9
Scrooged,2.5
Se7en,9
Secrets of the furious five,10
secrets of the masters,10
Secrets of the scroll,10
See no evil hear no evil,9.5
Serpico,7.5
seven bride's for seven brothers,6.5
Sex And The City,7
Sex and the city 2,6
Sex Tape,6.5
Shallow Hal,9
Shang-chi and the legend of the ten rings,9
Shark Boy And Lava Girl,5
Shark tale,8
Shaun Of The Dead,9.5
Shaun the Sheep The Movie,8
Shazam,5.5
She's Out Of My League ,7
She's The Man,5.5
Sherlock Holmes,8
Sherlock Holmes 2,7.5
Shooter,7.5
Shrek,8.5
Shrek 2,9
Shrek 3,6.5
Shrek 4,6
Shutter Island,9
Siberia,7.5
Sicario,7.5
Silence,8
Silence Of The Lambs,9
Silver Linings Playbook ,8.5
Simon Callow's A Christmas Carol (2018),4.5
Sinbad legend of the seven seas,7
Sing,7
Singin' In The Rain,8
Sister Act,7.5
Six shooter ,7.5
Sixteen Candles,9
Skyfall,9.4
Sleepers,8
Sleeping Beauty ,7
Sleepless In Seattle ,8.5
Sleepy Hollow,6
Slumdog Millionaire ,7
Smallfoot,5.5
Snatch,10
Snow Dogs,3.5
Snow White And The Seven Dwarfs,8.5
Snowpiercer,4
Some Kind Of Beautiful,7.5
Some like it hot,9.5
Sonic the Hedgehog,7.5
Soul,9.5
Sound of metal,9
Source code,8.5
Southpaw,7.5
Space Jam,7
Space jam a new legacy ,4.5
Spartacus ,7.5
Spectre ,8.5
Speed,10
Speed 2,6
Spenser Confidential ,8
Spider Man Far From Home,9.5
Spiderman 2 2004,9
Spiderman 2002,8.5
Spiderman 3 2007,8.5
Spiderman Homecoming ,9
Spiderman Into The Spider Verse,8.5
Spiderman no way home,10
Spies in disguise ,7
Spirit 2 untamed,7
Spirit Stallion Of The Cimarron,8.5
Spirited Away,8
splash,6
Split,8.4
Spongebob Sponge On The Run,7.5
Spongebob Squarepants The Movie,9.5
Spotlight,7
Spring Breakers,5.5
Spy,8.5
Spy Kids 4d,7.5
St Trinians,8.5
St trinians 2 the legend of Fritton's gold,6.5
Stan and Ollie,8
Star Trek,7
Star Wars Episode I: The Phantom Menace,6.5
Star Wars Episode Ii: Attack Of The Clones,7.5
Star Wars Episode Iii: Revenge Of The Sith,8.5
Star Wars Episode Iv: A New Hope,9.5
Star Wars Episode Ix: The Rise Of Skywalker,7
Star Wars Episode V: The Empire Strikes Back,10
Star Wars Episode Vi: Return Of The Jedi,10
Star Wars Episode Vii: The Force Awakens,8
Star Wars Episode Viii: The Last Jedi,7.5
Star Wars: Rogue One,8
Star Wars: Solo,6.4
Stardust,8.5
Starsky and Hutch 2004,7.5
State of play,6
Steel magolias,6.5
Step Brothers ,8.5
Step Up,6
Steve jobs,7.5
Stir Crazy,8
Stormbreaker,3.5
Straight Outta Compton,8
Stuart Little,6
Sudden impact,7
Suicide Squad,6.5
Sully miracle on the Hudson,9
Sunset Boulevard ,10
Super 8,7.5
Superbad,7.5
Superman,8
Superman 2,8
Superman 3,5
Superman 4,2
Superman 5,7
Supersize Me,4
Surfs Up,9.5
Swan song,6
Sweeney Todd: The Demon Barber Of Fleet Street,8.5
Sweet home Alabama,6.5
Swimming with sharks,7.5
Tag,7
Taken,9.5
Taken 2,9
Taken 3,8
Tangled ,9
Tarzan,10
Tarzan 2,7
Tarzan and Jane,5.5
Taxi Driver,8
Ted,7
Ted 2,6
Teenage Mutant Ninja Turtles ,6.5
Teenage Mutant Ninja Turtles 2,5
Tenacious d post apocalypto the movie,9
Tenacious D The Pick Of Destiny,9.5
Tenet,6.5
That Awkward Moment ,7
That's My Boy,7.5
The 15:17 To Paris,8.5
The 40 Year Old Virgin,8.5
The 5 Year Engagement,8
The accountant ,7
The Addams Family,7
The adjustment bureau,7.5
The adventures of ichabod and Mr. toad,5
The alamo,5
The Amazing Spider Man 1,7.5
The Amazing Spider Man 2,6.5
The apartment 1960,8.5
The Aristocats,7.5
The Atomic Cafe,7.5
The aviator,9
The Babadook,5
The Babymakers,7
The babysitter,7
The Back-up Plan,7
The batman 2022,9.5
The beach,7.5
The Bee Movie,5.5
The belles of st trinians,5.5
The Bfg,6
The Big Lewbowski ,9.5
The Big Sick,9.5
The big year,7
The Birds,6
The black cauldron,5
The Blair Witch Project ,3.5
The Blind Side,9.5
The Bodyguard,7.5
The Borne Legacy,7
The boss baby,6
The Bounty Hunter,6.5
The Bourne identity,10
The Bourne legacy,7
The Bourne supremacy,10
The Bourne ultimatum,9.5
The Boy In The Striped Pyjamas ,8
The Break Up,7
The Breakfast Club,9.5
The Bridge On The River Kwai,5
The brothers Grimsby,7.5
The bucket list,8
The butterfly effect,3
The Cabin In The Woods,8
The Cable Guy,6
The Cat In The Hat,7.5
The chronicles of riddick,5
The color of money ,7.5
The colour purple,8
The commuter,7.5
The Conjuring,5.5
The conversation,5
The count of monte cristo 1934,5.5
The courier,8
The croods,7.5
The croods 2 a new age,8
The curious case of Benjamin button,7
The darjeeling limited ,7
The Dark Knight,10
The Dark Knight Rises,10
The day the Earth stood still,4
The dead pool,7
The Departed ,9.5
The devil wears prada,7
The Devil's Advocate ,6.5
The dictator ,7
The Do-over,6
The duff,7.5
The edge of Seventeen ,9.5
The Emperor's New Groove,9
The enforcer ,6.5
The Equalizer,8.5
The Equalizer 2,8
The even Stevens movie,5
The Evil Dead,5
The Exorcist ,6
The Expendables ,8.5
The eyes of tammy faye,7.5
The family stone,6
The father,9.5
The fighter,9
The Fly (1986),6
The foreigner,7.5
The forever purge,6.5
The Fox And The Hound,9
The french dispatch ,6.5
The Fugitive,8
The full monty,8
The Fundimantals Of Caring,8.5
The Game,8.5
The game plan,7
The gentleman,9.5
The Gentlemen,9
The girl in the spiders web,7
The girl who kick the hornet's nest,6.5
The girl who played with fire,7
The girl with the dragon tattoo,7.5
The girl with the Dragon Tattoo (Remake),9
The Godfather,8
The Good Dinosaur,7.5
The Good Liar,7.5
The Good The Bad And The Ugly,8.5
The Goonies,8.5
The Graduate,8.5
The grand Budapest hotel,8.5
The Great Escape,7
The great mouse detective,7.5
The Greatest Showman ,7.5
The Green Hornet,6
The Green Mile,9.5
The Grey,7.5
The Grinch (2018),8
The gruffalo,8.5
The Gruffalos Child,7.5
The Guns Of Navarone ,3
The Hangover,8.5
The hangover part 2,8
The hangover part 3,7.5
The harder they fall,8.5
The Hateful 8,9
The Help,9
The Highwaymen,6
The Hitmans Bodyguard,6
the hitmans wife's bodyguard,6.5
The Hobbit: An Unexpected Journey,8
The Hobbit: The Battle Of The Five Armies,7
The Hobbit: The Desolation Of Smaug,6.5
The Holiday,9.5
The Hot Chick ,5
The house with a clock in its walls ,6.7
The Humpback Of Notre Dame,7.5
The Hunger Games ,8.5
The Hunger Games 2,8
The Hunger Games 3 Part 1,7
The Hunger Games 3 Part 2,5.5
The hunt,8.5
The Hustle,7.5
The Ice age adventures of buck wild,3.9
the ice road,5.5
The Imitation game,8.5
The Impossible,9
The Inbetweeners ,5
The Inbetweeners 2,4
The Incredible Hulk,5
The Incredibles,10
The Incredibles 2,9.5
The Invention Of Lying,8
The ipcress file,6.5
The Irishman ,7
The island ,6.5
The Italian Job,7.5
The Italian Job Remake ,8
The Jerk,8
The Jungle Book,9
The Jungle Book (remake),6.5
The jungle book 2,6
The Karate Kid 1984,8.5
The Karate Kid 2010,9.5
The Kid (1921),5
The king of comedy,9
The kings man,8.5
The Kings Speech,10
The kissing booth 2,6.5
The kissing booth 3,4.5
The Knight Before Christmas,7.5
The Ladykillers,7
The ladykillers remake,6.5
The Land Before Time ,9
The last duel,9
The last picture show,6.5
The Last Samurai ,7
The Layover,5
The Legend Of Tarzan ,6.5
The Lego Movie,7.5
The life aquatic with Steve zissou,7.5
The Lighthouse,8.5
The Lion King,10
The Lion King (remake),6.5
The lion king 2,7
The lion king One and a half,8
The Little Mermaid,9
The Longest Yard,8
The Lorax,6
The love bug,6.5
The Machinist ,7.5
The magnificent seven remake,7
The Man From Uncle,6
the man who invented Christmas ,6.8
The Man With The Golden Gun,8.8
The many adventures of Winnie the pooh,9.5
The marksman ,6
The Martian,9
The Mask,6
The Mask Of Zorro ,6.5
The Matian,8.5
The Matrix,8.3
The Matrix 2,7.9
The Matrix 3,7.6
The Maze Runner,7
The Maze Runner 2,5.5
The Mechanic,8
The Men Who Stare At Goats,4
The Mighty Ducks,6
The Mitchell's vs the machines,7.5
The mule,8.5
The Mummy,5
The mummy (2017),4.5
The Muppet Christmas Carol,8.5
The Muppets,7
The muppets movie original ,7
The Muppets Take Manhattan,6
The Naked Mile,8
The new mutants,5
The night before 2015,7.5
The Nightmare Before Christmas,8.9
The northman ,9.2
The Notebook,10
The Nutty Professor ,7
The Omen (1976),5.5
The Other Guys,7
The Other Woman,6
The Out Of Towners,8
The Pacifier ,6.5
The Parent Trap ,7.5
The Perks Of Being A Wallflower,10
The pianist ,9
The Pink Panther,8
The Pink Panther (remake),10
The pink panther 2,9.5
The Pink Panther Strikes Again,7
The pirates in an adventure with scientists,6
The planet of the apes (Remake),8
The Polar Express,8
The polka king,7
The poseidon adventure,6.5
The power of the dog,7.5
The predator,5
The prestige,9.5
The Prince and Me,5.5
The prince of Egypt ,7.5
The Princess And The Frog,8
The Princess Bride,9
The princess bride home movie,7.5
The princess diaries,6.5
The princess switch,8.5
The princess switch 2: Switched again,7
The princess switch 3 romancing the star,6
The Proposal,9
The Punisher,8
The purge,7
The Quiet Man,9
The Raid,8
The Raid 2,7
The railway children ,7
The Railway Man,8.5
The Rebound,8
The Red Balloon,8
The red turtle,7
The Rescuers,6.5
The rescuers down under,6.5
The Return Of The Pink Panther,7
The Revenant ,9
The Road,9
The road to el dorado,6
The Rock,8.5
The Rocky Horror Picture Show,6.5
The Room,4
The Royal Tenenbaums,6.5
The Rugrats Movie,5
The Running Man,8.5
The Santa Clause,6.3
The Scorpion King,5
The searchers,6.5
The secret life of pets,5
The secret life of Walter Mitty,7
The Sessions,8
The shape of water,8
The Shawshank Redemption ,10
The Shining,9.8
The Simpsons Movie,9
The Smurfs,4
The Snowman (1982),8.4
the snowman and the snowdog,7.5
The Social Network,9.5
The Sound Of Music,9
The South Park Movie,8.7
The Spiderwick Chronicles,5
The spongebob movie sponge on the run,6.5
the spy next door,5
The spy who came in from the cold,6
The spy who loved me,8.5
The Sting,7
The suicide squad ,9
The Sword In The Stone,9
The taking Of Pelham 123,6
The ten commandments,6
The Terminal,8.5
The Terminator,8
The Terminator 2,8
The Terminator 3,8.5
The Terminator 4,4.5
The Terminator 5,7.5
The Terminator 6,6.5
The Texas Chainsaw Massacre,7.7
The Thing,7
the three caballeros,4
The three musketeers 1993,6
The Tigger Movie,5.5
The tomorrow war,6.5
The Tourist,7
The Towering Inferno (1974),6
The Trail Of The Pink Panther,7
The Transporter,7
The Trueman Show,9
The Ugly Truth ,9.5
The unforgivable ,7.5
The Untouchables ,8
The Usual Suspects ,8.5
The vault 2021,6
The voyeurs ,7.4
The Vvitch,8
The war with grandpa,6.5
The watch,7
The Water Boy,7
The Water Horse,6.5
The Wedding Singer,7
The whole nine yards,6.5
The Wicker Man,9
The Wicker Man (2006),3.5
The Wild,4
The Wind In The Willows,8
The wind rises,7
The Wizard Of Oz,9.5
The Wolf Of Wall Street,9.5
The Wolverine,6.5
The woman in the window,4.5
The World's End,8
The Wrong Missy ,8
The wrong trousers,8.5
Thelma and louise,8.5
There will be blood,9
There's Something About Mary,8
Think Like A Man,8.5
Think Like A Man 2,6
This Is 40,8
This Is England,
This Is The End ,5
Thor ,8.5
Thor The Dark World,8
"Three billboards outside Ebbing, Missouri",8.5
Three Men And A Baby,5
Thunderball ,7.9
Tick tick boom,9.5
Tinker Bell,3.5
"Tinker, Tailor, Soldier, Spy",6.5
Tintin,7
Titanic ,9.5
To all the boys I've loved before,10
To catch a thief,7
To Kill A Mockingbird,7.5
tokyo godfathers,7
Tolkien,6.5
Tomb Raider,7.5
Tomorrow Never Dies,7
Tootsie,9
Top Gun,9
Total Recall ,7.5
Toy Story,10
Toy Story 2,9
Toy Story 3,9
Toy Story 4,7.5
Trading places,8
Traffic crossing Leeds Bridge (1888),5
Training Day,8.5
Trainspotting ,7.5
Trainspotting 2,7
Transformers ,9.5
Transformers 2,8
Transformers 3,7
Transformers 4,6
Transformers 5,4
Treasure Planet,8
Triple Frontier ,6
trolls ,6
Trolls world tour,5
Tron Classic,4
Tron: Legacy,8
Tropic Thunder,7.5
True Grit,7.5
True Grit (remake),7
True Lies,7.5
True Memoirs Of An International Assassin ,6
True romance,9
Turbo,6
Turner and Hooch,8
Turning red,8.5
Twelve Angry Men,8
Twilight,9
Twilight 2,8.5
Twilight 3,9
Twilight 4,3
Twilight 5,7.5
Twins,8
Twister,6
Two distant strangers,7
Two Weeks Notice ,10
Uncharted,8.9
Uncle Buck,6
Uncut gems,9
Under Siege,6
Underdog,4.5
Unforgiven,7
Unicorn store,7
Up,10
v for vendetta,9
Vacation,7
Valentines day,5.5
Valiant ,5.5
Vanilla Sky,4.5
Venom,6
Venom 2 let there be carnage ,6.5
Vertigo,8
Vice,6.5
Waitress ,8.5
Walk the line,9
Walking Tall,7
Wall.e,8
Wallace & Gromit : The Curse Of The Were-rabbit,8
Wanted,7.5
War dogs,8
War For The Planet Of The Apes,9.5
War horse,6.5
Wayne's World ,7
We Bought A Zoo,7.5
West side story,8.5
West side story 2021,9
What Happens In Vagas,7
What To Expect When Your Expecting ,8.5
What We Do In The Shadows,5.5
What Woman Want,9
What's eating Gilbert grape,8.5
What's Your Number?,7
When Harry Met Sally,8.5
Where Eagles Dare,7.5
While You Were Sleeping ,10
Whiplash,9.5
White Christmas (1954),8.1
White House Down,8
Who framed Rodger rabbit ,9
Wild card,7
Wild Child,8
Wild mountain thyme ,6.5
Wild Things,8.5
William Shakespeare's Romeo + Juliet,8.5
Willy Wonka And The Chocolate Factory,8
Winnie The Pooh ,8
Winnie the pooh a very merry pooh year,8.2
Wolfwalkers,7.5
Wonder Park,3
Wonder Woman ,8.5
Wonder Woman 1984,7.5
World war Z,8
Wrath of man,8.5
Wreck It Ralph,7
X men dark phoenix,4.5
Xmen,8
Xmen 2,8.5
Xmen 3,7.5
Xmen Apocalypse,7.5
Xmen Days Of Future Past,8
Xmen First Class,8.5
Xmen Origins The Wolverine ,7.5
Year One,6.8
Yes day,6
Yes Man,8
Yesterday,8
Yogi Bear,6.5
You only live twice,7.7
You were never really here,7.5
You've Got Mail,8.7
Your name.,9
Zack And Miri Make A Porno,6.5
Zack Snyder's Justice league,8
Zero dark thirty ,7.5
Zodiac,8
Zombie With A Shotgun,0
Zombieland: Double Tap,8
Zookeeper,7
Zoolander,6.5
Zoom,2.5
zootropolis,8.5
Zulu,6.5
Octopussy,7.6
The living daylights,8.2
A view to a kill ,7.2
Never say never again,5.7
License to kill,8.2
Bernie,8.9
Everything everywhere all at once,9.8
The world is not enough ,8
Top gun maverick,9.5
The iron giant,7.8
The d train,6.8
Jurassic world dominion ,6.8
Spiderhead,7.1
Belfast,8.7
House of gucci,8.5
12 years a slave,9.3
Bill and Ted's bogus journey,7.3
Little miss sunshine,9
Lightyear,7.5
Respect ,7.9
Sin city,7.3
American Beauty,9.1
Thor Ragnarok,9.1
Thor love and thunder ,8.8
Charlie's angels ,5.8
Bill and Ted face the music,6.4
Another round,8.2
The matrix 4 resurrections,6.9
Cha cha real smooth,9.1
The last letter from your lover,6.1
The gray man,7.5
Sisters,6.4
Drillbit Taylor ,5.9
It could happen to you,8.1
Windfall,5.9
Not okay,8.3
The Guernsey literary and potato peel pie society,6.9
Hope floats,6
Bullet train,9.2
Prey,8.1
Flight,8.4
28 days,3.8
Mary Queen of scots,6.8
Somethings gotta give,8.1
The net,4.3
Jane eyre,7.6
Bowfinger,7.4
Jackass the movie,7.4
Jackass forever,7.6
Jackass number 2,7.7
Me time,6
Scooby doo and the monster of mexico,7.8
Scooby doo and the alien invaders,8.2
Scooby doo and the witch's ghost,8.1
Scooby doo and the ghoul school,6.1
Scooby doo and the reluctant werewolf ,6.9
Scooby doo in Arabian nights,2.3
Chill out scooby doo,7.3
Scooby doo and the goblin king,7.7
Scooby doo in wheres my mummy,7.3
Scooby doo and the legend of the vampire,7.7
Scooby doo pirates ahoy,8.2
Scooby doo and the samurai sword,7.4
Scooby doo abracadabra doo ,7.5
Scooby doo and batman the brave and the bold,7.5
Scooby doo legend of the phantosaur,7.9
Us,7.9
Scooby doo stage fright,7.5
Scooby doo goes hollywood ,6.9
The bad guys,7.2
Lego scooby doo haunted Hollywood,6.7
Scooby doo and the gourmet ghost,7
Dog,8.1
Scooby doo and the curse of the 13th ghost,6.9
The lost city,7.9
Scooby doo return to zombie Island,7
Memory,6.8
The unbearable weight of massive talent,7.6
Unbreakable ,8.3
Moonfall ,7.2
The worst person in the world,8.6
Sense and sensibility ,7
Atonement,8.4
Pride and prejudice,8.8
Morbius ,6
Sonic the hedgehog 2,8.1
Straight outta nowhere scooby doo meets courage the cowardly dog,7.1
Scooby doo the sword and the scoob,7.3
Scooby doo and kiss rock and roll mystery,7.4
Daphne and velma,3.7
Scooby doo music of the vampire,7.6
Scooby doo the mystery begins,5.6
Scooby doo curse of the lake monster,5.7
Big top scooby doo,7.5
Lego scooby doo blowout Beach bash,6.9
Scooby doo mask of the blue falcon,7.2
Scooby doo wrestlemania mystery,6.9
Scooby doo and wwe curse of the speed demon,6.7
Scooby doo moon monster madness,7.1
Scooby doo shaggys showdown,7.4
Monster house,6.1
Scooby doo frankencreepy,7.2
The cabinet of Dr. caligari ,6.5
The bride of Frankenstein,5.9
Fresh,7.8
The Abominable snowman,5.9
Freddy vs jason,6.9
Hocus pocus 2,5.9
It 1990,7.3
X,8.3
Videodrome ,7.1
The mist,8
Funny games,7.3
Fear Street 1994,8.1
Fear Street 1978,8.5
Fear Street 1666,8
Titane,7.1
The Lord of the rings 1978,6.1
Saint maud,8.4
Friday the 13th part 4,7
Friday the 13th part 6,7.3
Nope,8.2
Frankenweenie,6.1
The witches,6.1
Colour out of space,7.4
The haunted mansion,6.9
Pet sematary 1989,7.8
Scream 2,7.2
Scream 3,6.8
Candyman 1992,7.4
Scream 4,7
Scream 5,7.5
Mandy,7.1
Halloween 2007,6.7
Halloween 2018,6.9
Trick 'r treat,8
Happy Halloween scooby doo,7.2
Trick or treat scooby doo,7.4
Goosebumps 2 haunted Halloween ,6.8
Halloween 2,7.6
Pooh's heffalump Halloween movie,5.7
Enola holmes 2,8.7
See how they run,8.5
triangle of sadness ,9
Knives out 2 glass onion,9.4
Black Christmas,7.9
Spirited,7.1
The Christmas chronicles,7.8
8 bit christmas,8.3
Avatar 2 the way of water,9.2
Strange world,7
The lifeguard,5.7
Zombieland ,9
I love you Phillip morris,7.8